{
    "Flocking": {
        "Set_pos_speed": [
            1.580429,
            1.33816,
            1.316875,
            1.312637
        ],
        "Set_pos_cum_speed": [
            1.947793,
            1.953527,
            1.951726,
            1.946042
        ],
        "Set_pov_1": [
            55.48469,
            54.659768,
            55.186624,
            54.943556
        ],
        "Set_pov_2": [
            81.249257,
            80.840166,
            81.389974,
            81.073256
        ],
        "Set_pov_3": [
            94.970794,
            97.048231,
            95.120604,
            97.325294
        ],
        "Set_pov_1_no_speed": [
            53.119892,
            52.271894,
            52.779591,
            52.387119
        ],
        "Set_pov_2_no_speed": [
            79.654075,
            78.375075,
            78.988597,
            78.507429
        ],
        "Set_pov_3_no_speed": [
            92.16797,
            94.509051,
            92.840288,
            94.283668
        ],
        "Set_neighbors": [
            12.707885,
            12.621635,
            12.609485,
            12.678499
        ],
        "Set_neighbors_avg_dist": [
            12.752686,
            13.064095,
            13.102388,
            12.796547
        ],
        "Set_centroid_dist": [
            1.752634,
            1.745796,
            1.73441,
            1.749048
        ]
    },
    "Foraging": {
        "Set_pos_speed": [
            4.041564,
            4.039808,
            6.430884,
            2.295586
        ],
        "Set_pos_cum_speed": [
            5.200793,
            5.411885,
            8.643305,
            3.169435
        ],
        "Set_pov_1": [
            110.801307,
            113.899027,
            178.098923,
            70.298723
        ],
        "Set_pov_2": [
            226.921722,
            237.398538,
            468.720035,
            116.488117
        ],
        "Set_pov_3": [
            231.372152,
            239.420342,
            473.773787,
            121.210483
        ],
        "Set_pov_1_no_speed": [
            105.418504,
            108.173632,
            170.194289,
            66.824952
        ],
        "Set_pov_2_no_speed": [
            221.743376,
            232.239853,
            460.982779,
            112.746776
        ],
        "Set_pov_3_no_speed": [
            226.641513,
            234.386456,
            463.469485,
            118.394754
        ],
        "Set_neighbors": [
            59.036427,
            62.392364,
            147.026554,
            23.258542
        ],
        "Set_neighbors_avg_dist": [
            57.239722,
            61.003488,
            144.344731,
            22.73317
        ],
        "Set_centroid_dist": [
            4.983143,
            5.116889,
            7.943196,
            2.922737
        ]
    },
    "Warehouse": {
        "Set_pos_speed": [
            12.413238,
            7.476314,
            9.125129,
            9.320067
        ],
        "Set_pos_cum_speed": [
            18.732893,
            11.442288,
            14.08249,
            14.345723
        ],
        "Set_pov_1": [
            459.219906,
            282.258353,
            346.902438,
            351.643834
        ],
        "Set_pov_2": [
            868.167845,
            464.429829,
            607.861128,
            617.618262
        ],
        "Set_pov_3": [
            904.909507,
            485.00787,
            634.79806,
            642.232782
        ],
        "Set_pov_1_no_speed": [
            436.74626,
            266.23006,
            328.258039,
            332.985997
        ],
        "Set_pov_2_no_speed": [
            845.432451,
            451.678351,
            591.596011,
            598.987739
        ],
        "Set_pov_3_no_speed": [
            881.271874,
            473.684693,
            618.694211,
            625.021894
        ],
        "Set_neighbors": [
            198.828008,
            87.916815,
            126.024479,
            128.204095
        ],
        "Set_neighbors_avg_dist": [
            198.056568,
            88.781064,
            126.236094,
            127.812498
        ],
        "Set_centroid_dist": [
            16.705669,
            10.25423,
            12.591774,
            13.253615
        ]
    }
}